id,source,platform,card_name_detected,normalized_card_name,title,text_snippet,url,author_or_seller,published_at,collected_at,intent_type,intent_score,price,currency,location,raw_data_json,data_mode
876897ee-3566-4d05-a74a-c48bb3252f85,reddit,reddit,Eevee,Eevee,WTB Eevee VMAX - paying well,"WTB Eevee VMAX - paying well Looking for mint condition, anyone selling?",https://www.reddit.com/r/PokemonTCG/comments/mock1/wtb_eevee,mock_buyer,2026-07-05T03:41:19.195085+00:00,2026-07-05T03:41:19.195135+00:00,BUY_INTENT,96,,BRL,r/PokemonTCG,"{""title"": ""WTB Eevee VMAX - paying well"", ""selftext"": ""Looking for mint condition, anyone selling?"", ""author"": ""mock_buyer"", ""subreddit_name_prefixed"": ""r/PokemonTCG"", ""permalink"": ""/r/PokemonTCG/comments/mock1/wtb_eevee"", ""created_utc"": 1783222879.1950848}",mock
03fb1b35-18a9-4b49-8dcb-cd14b57de96d,reddit,reddit,Greninja,Greninja,WTB Greninja VMAX - paying well,"WTB Greninja VMAX - paying well Looking for mint condition, anyone selling?",https://www.reddit.com/r/PokemonTCG/comments/mock1/wtb_greninja,mock_buyer,2026-07-05T03:41:19.194984+00:00,2026-07-05T03:41:19.195033+00:00,BUY_INTENT,96,,BRL,r/PokemonTCG,"{""title"": ""WTB Greninja VMAX - paying well"", ""selftext"": ""Looking for mint condition, anyone selling?"", ""author"": ""mock_buyer"", ""subreddit_name_prefixed"": ""r/PokemonTCG"", ""permalink"": ""/r/PokemonTCG/comments/mock1/wtb_greninja"", ""created_utc"": 1783222879.1949842}",mock
623938f4-3c05-473b-98ed-480c9a1e659e,reddit,reddit,Giratina,Giratina,WTB Giratina VMAX - paying well,"WTB Giratina VMAX - paying well Looking for mint condition, anyone selling?",https://www.reddit.com/r/PokemonTCG/comments/mock1/wtb_giratina,mock_buyer,2026-07-05T03:41:19.194880+00:00,2026-07-05T03:41:19.194931+00:00,BUY_INTENT,96,,BRL,r/PokemonTCG,"{""title"": ""WTB Giratina VMAX - paying well"", ""selftext"": ""Looking for mint condition, anyone selling?"", ""author"": ""mock_buyer"", ""subreddit_name_prefixed"": ""r/PokemonTCG"", ""permalink"": ""/r/PokemonTCG/comments/mock1/wtb_giratina"", ""created_utc"": 1783222879.1948798}",mock
b7775327-512e-432d-a7e8-8275223e9aed,reddit,reddit,Rayquaza,Rayquaza,WTB Rayquaza VMAX - paying well,"WTB Rayquaza VMAX - paying well Looking for mint condition, anyone selling?",https://www.reddit.com/r/PokemonTCG/comments/mock1/wtb_rayquaza,mock_buyer,2026-07-05T03:41:19.194772+00:00,2026-07-05T03:41:19.194828+00:00,BUY_INTENT,96,,BRL,r/PokemonTCG,"{""title"": ""WTB Rayquaza VMAX - paying well"", ""selftext"": ""Looking for mint condition, anyone selling?"", ""author"": ""mock_buyer"", ""subreddit_name_prefixed"": ""r/PokemonTCG"", ""permalink"": ""/r/PokemonTCG/comments/mock1/wtb_rayquaza"", ""created_utc"": 1783222879.1947725}",mock
2a8f7d81-325c-4a58-b6e7-e811f7de487c,reddit,reddit,Lugia,Lugia,WTB Lugia VMAX - paying well,"WTB Lugia VMAX - paying well Looking for mint condition, anyone selling?",https://www.reddit.com/r/PokemonTCG/comments/mock1/wtb_lugia,mock_buyer,2026-07-05T03:41:19.194663+00:00,2026-07-05T03:41:19.194717+00:00,BUY_INTENT,96,,BRL,r/PokemonTCG,"{""title"": ""WTB Lugia VMAX - paying well"", ""selftext"": ""Looking for mint condition, anyone selling?"", ""author"": ""mock_buyer"", ""subreddit_name_prefixed"": ""r/PokemonTCG"", ""permalink"": ""/r/PokemonTCG/comments/mock1/wtb_lugia"", ""created_utc"": 1783222879.1946633}",mock
2cbb2ad3-08cb-40c3-bf3b-1bcf06b4114d,reddit,reddit,Gengar,Gengar,WTB Gengar VMAX - paying well,"WTB Gengar VMAX - paying well Looking for mint condition, anyone selling?",https://www.reddit.com/r/PokemonTCG/comments/mock1/wtb_gengar,mock_buyer,2026-07-05T03:41:19.194554+00:00,2026-07-05T03:41:19.194610+00:00,BUY_INTENT,96,,BRL,r/PokemonTCG,"{""title"": ""WTB Gengar VMAX - paying well"", ""selftext"": ""Looking for mint condition, anyone selling?"", ""author"": ""mock_buyer"", ""subreddit_name_prefixed"": ""r/PokemonTCG"", ""permalink"": ""/r/PokemonTCG/comments/mock1/wtb_gengar"", ""created_utc"": 1783222879.1945536}",mock
a1c36677-f982-41c6-bd7c-6076a5e9dff4,reddit,reddit,Mew,Mew,WTB Mew VMAX - paying well,"WTB Mew VMAX - paying well Looking for mint condition, anyone selling?",https://www.reddit.com/r/PokemonTCG/comments/mock1/wtb_mew,mock_buyer,2026-07-05T03:41:19.194437+00:00,2026-07-05T03:41:19.194496+00:00,BUY_INTENT,96,,BRL,r/PokemonTCG,"{""title"": ""WTB Mew VMAX - paying well"", ""selftext"": ""Looking for mint condition, anyone selling?"", ""author"": ""mock_buyer"", ""subreddit_name_prefixed"": ""r/PokemonTCG"", ""permalink"": ""/r/PokemonTCG/comments/mock1/wtb_mew"", ""created_utc"": 1783222879.1944366}",mock
67e2ec7a-141f-49f3-a742-9682522965e0,reddit,reddit,Pikachu,Pikachu,WTB Pikachu VMAX - paying well,"WTB Pikachu VMAX - paying well Looking for mint condition, anyone selling?",https://www.reddit.com/r/PokemonTCG/comments/mock1/wtb_pikachu,mock_buyer,2026-07-05T03:41:19.194312+00:00,2026-07-05T03:41:19.194375+00:00,BUY_INTENT,96,,BRL,r/PokemonTCG,"{""title"": ""WTB Pikachu VMAX - paying well"", ""selftext"": ""Looking for mint condition, anyone selling?"", ""author"": ""mock_buyer"", ""subreddit_name_prefixed"": ""r/PokemonTCG"", ""permalink"": ""/r/PokemonTCG/comments/mock1/wtb_pikachu"", ""created_utc"": 1783222879.1943123}",mock
cb44f222-7a92-4574-8ba6-375ad5bcb12e,reddit,reddit,Umbreon,Umbreon,WTB Umbreon VMAX - paying well,"WTB Umbreon VMAX - paying well Looking for mint condition, anyone selling?",https://www.reddit.com/r/PokemonTCG/comments/mock1/wtb_umbreon,mock_buyer,2026-07-05T03:41:19.194172+00:00,2026-07-05T03:41:19.194247+00:00,BUY_INTENT,96,,BRL,r/PokemonTCG,"{""title"": ""WTB Umbreon VMAX - paying well"", ""selftext"": ""Looking for mint condition, anyone selling?"", ""author"": ""mock_buyer"", ""subreddit_name_prefixed"": ""r/PokemonTCG"", ""permalink"": ""/r/PokemonTCG/comments/mock1/wtb_umbreon"", ""created_utc"": 1783222879.1941717}",mock
6a36a87a-5092-45a3-99e0-2f73e457c10d,reddit,reddit,Charizard,Charizard,WTB Charizard VMAX - paying well,"WTB Charizard VMAX - paying well Looking for mint condition, anyone selling?",https://www.reddit.com/r/PokemonTCG/comments/mock1/wtb_charizard,mock_buyer,2026-07-05T03:41:19.193629+00:00,2026-07-05T03:41:19.194044+00:00,BUY_INTENT,96,,BRL,r/PokemonTCG,"{""title"": ""WTB Charizard VMAX - paying well"", ""selftext"": ""Looking for mint condition, anyone selling?"", ""author"": ""mock_buyer"", ""subreddit_name_prefixed"": ""r/PokemonTCG"", ""permalink"": ""/r/PokemonTCG/comments/mock1/wtb_charizard"", ""created_utc"": 1783222879.1936288}",mock
9ced115f-ca43-4ddd-8771-b18ab347683a,mercado_livre,mercado_livre,Eevee,Eevee,Cartão Pokémon Eevee TCG Original - À Venda,Cartão Pokémon Eevee TCG Original - À Venda,https://produto.mercadolivre.com.br/mock-eevee,vendedor_mock,,2026-07-05T03:41:19.196003+00:00,SELL_INTENT,87,149.9,BRL,"São Paulo, SP","{""title"": ""Cartão Pokémon Eevee TCG Original - À Venda"", ""price"": 149.9, ""currency_id"": ""BRL"", ""permalink"": ""https://produto.mercadolivre.com.br/mock-eevee"", ""condition"": ""new"", ""seller"": {""nickname"": ""vendedor_mock""}, ""address"": {""city_name"": ""São Paulo"", ""state_name"": ""SP""}}",mock
5d205cb7-bd2d-4370-b537-8e99ff1fb12a,mercado_livre,mercado_livre,Greninja,Greninja,Cartão Pokémon Greninja TCG Original - À Venda,Cartão Pokémon Greninja TCG Original - À Venda,https://produto.mercadolivre.com.br/mock-greninja,vendedor_mock,,2026-07-05T03:41:19.195941+00:00,SELL_INTENT,87,149.9,BRL,"São Paulo, SP","{""title"": ""Cartão Pokémon Greninja TCG Original - À Venda"", ""price"": 149.9, ""currency_id"": ""BRL"", ""permalink"": ""https://produto.mercadolivre.com.br/mock-greninja"", ""condition"": ""new"", ""seller"": {""nickname"": ""vendedor_mock""}, ""address"": {""city_name"": ""São Paulo"", ""state_name"": ""SP""}}",mock
e9d29cd8-2160-4b28-b4ed-95d19e659635,mercado_livre,mercado_livre,Giratina,Giratina,Cartão Pokémon Giratina TCG Original - À Venda,Cartão Pokémon Giratina TCG Original - À Venda,https://produto.mercadolivre.com.br/mock-giratina,vendedor_mock,,2026-07-05T03:41:19.195883+00:00,SELL_INTENT,87,149.9,BRL,"São Paulo, SP","{""title"": ""Cartão Pokémon Giratina TCG Original - À Venda"", ""price"": 149.9, ""currency_id"": ""BRL"", ""permalink"": ""https://produto.mercadolivre.com.br/mock-giratina"", ""condition"": ""new"", ""seller"": {""nickname"": ""vendedor_mock""}, ""address"": {""city_name"": ""São Paulo"", ""state_name"": ""SP""}}",mock
b2e2b26e-3cbf-4a9d-8f27-28d3549a5145,mercado_livre,mercado_livre,Rayquaza,Rayquaza,Cartão Pokémon Rayquaza TCG Original - À Venda,Cartão Pokémon Rayquaza TCG Original - À Venda,https://produto.mercadolivre.com.br/mock-rayquaza,vendedor_mock,,2026-07-05T03:41:19.195823+00:00,SELL_INTENT,87,149.9,BRL,"São Paulo, SP","{""title"": ""Cartão Pokémon Rayquaza TCG Original - À Venda"", ""price"": 149.9, ""currency_id"": ""BRL"", ""permalink"": ""https://produto.mercadolivre.com.br/mock-rayquaza"", ""condition"": ""new"", ""seller"": {""nickname"": ""vendedor_mock""}, ""address"": {""city_name"": ""São Paulo"", ""state_name"": ""SP""}}",mock
baf5ecf5-1b17-4cf9-a168-bfd95e944663,mercado_livre,mercado_livre,Lugia,Lugia,Cartão Pokémon Lugia TCG Original - À Venda,Cartão Pokémon Lugia TCG Original - À Venda,https://produto.mercadolivre.com.br/mock-lugia,vendedor_mock,,2026-07-05T03:41:19.195761+00:00,SELL_INTENT,87,149.9,BRL,"São Paulo, SP","{""title"": ""Cartão Pokémon Lugia TCG Original - À Venda"", ""price"": 149.9, ""currency_id"": ""BRL"", ""permalink"": ""https://produto.mercadolivre.com.br/mock-lugia"", ""condition"": ""new"", ""seller"": {""nickname"": ""vendedor_mock""}, ""address"": {""city_name"": ""São Paulo"", ""state_name"": ""SP""}}",mock
401ca09f-69c5-419c-bcab-654c54cf7f4f,mercado_livre,mercado_livre,Gengar,Gengar,Cartão Pokémon Gengar TCG Original - À Venda,Cartão Pokémon Gengar TCG Original - À Venda,https://produto.mercadolivre.com.br/mock-gengar,vendedor_mock,,2026-07-05T03:41:19.195702+00:00,SELL_INTENT,87,149.9,BRL,"São Paulo, SP","{""title"": ""Cartão Pokémon Gengar TCG Original - À Venda"", ""price"": 149.9, ""currency_id"": ""BRL"", ""permalink"": ""https://produto.mercadolivre.com.br/mock-gengar"", ""condition"": ""new"", ""seller"": {""nickname"": ""vendedor_mock""}, ""address"": {""city_name"": ""São Paulo"", ""state_name"": ""SP""}}",mock
0c6340f4-976a-4752-8df0-1966edd108e9,mercado_livre,mercado_livre,Mew,Mew,Cartão Pokémon Mew TCG Original - À Venda,Cartão Pokémon Mew TCG Original - À Venda,https://produto.mercadolivre.com.br/mock-mew,vendedor_mock,,2026-07-05T03:41:19.195640+00:00,SELL_INTENT,87,149.9,BRL,"São Paulo, SP","{""title"": ""Cartão Pokémon Mew TCG Original - À Venda"", ""price"": 149.9, ""currency_id"": ""BRL"", ""permalink"": ""https://produto.mercadolivre.com.br/mock-mew"", ""condition"": ""new"", ""seller"": {""nickname"": ""vendedor_mock""}, ""address"": {""city_name"": ""São Paulo"", ""state_name"": ""SP""}}",mock
f6735f5a-0ef8-480e-8dc5-72b943c83004,mercado_livre,mercado_livre,Pikachu,Pikachu,Cartão Pokémon Pikachu TCG Original - À Venda,Cartão Pokémon Pikachu TCG Original - À Venda,https://produto.mercadolivre.com.br/mock-pikachu,vendedor_mock,,2026-07-05T03:41:19.195578+00:00,SELL_INTENT,87,149.9,BRL,"São Paulo, SP","{""title"": ""Cartão Pokémon Pikachu TCG Original - À Venda"", ""price"": 149.9, ""currency_id"": ""BRL"", ""permalink"": ""https://produto.mercadolivre.com.br/mock-pikachu"", ""condition"": ""new"", ""seller"": {""nickname"": ""vendedor_mock""}, ""address"": {""city_name"": ""São Paulo"", ""state_name"": ""SP""}}",mock
785ce278-4379-459a-ba24-cb07acd2acef,mercado_livre,mercado_livre,Umbreon,Umbreon,Cartão Pokémon Umbreon TCG Original - À Venda,Cartão Pokémon Umbreon TCG Original - À Venda,https://produto.mercadolivre.com.br/mock-umbreon,vendedor_mock,,2026-07-05T03:41:19.195510+00:00,SELL_INTENT,87,149.9,BRL,"São Paulo, SP","{""title"": ""Cartão Pokémon Umbreon TCG Original - À Venda"", ""price"": 149.9, ""currency_id"": ""BRL"", ""permalink"": ""https://produto.mercadolivre.com.br/mock-umbreon"", ""condition"": ""new"", ""seller"": {""nickname"": ""vendedor_mock""}, ""address"": {""city_name"": ""São Paulo"", ""state_name"": ""SP""}}",mock
1f1017d6-a25b-41ae-ae1a-53f580a20c37,mercado_livre,mercado_livre,Charizard,Charizard,Cartão Pokémon Charizard TCG Original - À Venda,Cartão Pokémon Charizard TCG Original - À Venda,https://produto.mercadolivre.com.br/mock-charizard,vendedor_mock,,2026-07-05T03:41:19.195433+00:00,SELL_INTENT,87,149.9,BRL,"São Paulo, SP","{""title"": ""Cartão Pokémon Charizard TCG Original - À Venda"", ""price"": 149.9, ""currency_id"": ""BRL"", ""permalink"": ""https://produto.mercadolivre.com.br/mock-charizard"", ""condition"": ""new"", ""seller"": {""nickname"": ""vendedor_mock""}, ""address"": {""city_name"": ""São Paulo"", ""state_name"": ""SP""}}",mock
a4c47d5b-0246-4db2-9cf2-0fb8368a0370,reddit,reddit,Eevee,Eevee,Discussion about Eevee meta,Discussion about Eevee meta What do you think about this card in the current format?,https://www.reddit.com/r/pkmntcg/comments/mock2/discuss_eevee,mock_user,2026-07-05T02:41:19.195085+00:00,2026-07-05T03:41:19.195177+00:00,DISCUSSION,35,,BRL,r/pkmntcg,"{""title"": ""Discussion about Eevee meta"", ""selftext"": ""What do you think about this card in the current format?"", ""author"": ""mock_user"", ""subreddit_name_prefixed"": ""r/pkmntcg"", ""permalink"": ""/r/pkmntcg/comments/mock2/discuss_eevee"", ""created_utc"": 1783219279.195085}",mock
6c6e4883-44b4-4335-867d-1335662eaf05,reddit,reddit,Greninja,Greninja,Discussion about Greninja meta,Discussion about Greninja meta What do you think about this card in the current format?,https://www.reddit.com/r/pkmntcg/comments/mock2/discuss_greninja,mock_user,2026-07-05T02:41:19.194985+00:00,2026-07-05T03:41:19.195073+00:00,DISCUSSION,35,,BRL,r/pkmntcg,"{""title"": ""Discussion about Greninja meta"", ""selftext"": ""What do you think about this card in the current format?"", ""author"": ""mock_user"", ""subreddit_name_prefixed"": ""r/pkmntcg"", ""permalink"": ""/r/pkmntcg/comments/mock2/discuss_greninja"", ""created_utc"": 1783219279.1949847}",mock
ce1f489a-f7dd-4f12-b63b-7d64c472e356,reddit,reddit,Giratina,Giratina,Discussion about Giratina meta,Discussion about Giratina meta What do you think about this card in the current format?,https://www.reddit.com/r/pkmntcg/comments/mock2/discuss_giratina,mock_user,2026-07-05T02:41:19.194880+00:00,2026-07-05T03:41:19.194974+00:00,DISCUSSION,35,,BRL,r/pkmntcg,"{""title"": ""Discussion about Giratina meta"", ""selftext"": ""What do you think about this card in the current format?"", ""author"": ""mock_user"", ""subreddit_name_prefixed"": ""r/pkmntcg"", ""permalink"": ""/r/pkmntcg/comments/mock2/discuss_giratina"", ""created_utc"": 1783219279.1948802}",mock
65e8e6d3-719f-491a-bc3e-8f3a9a6f220c,reddit,reddit,Rayquaza,Rayquaza,Discussion about Rayquaza meta,Discussion about Rayquaza meta What do you think about this card in the current format?,https://www.reddit.com/r/pkmntcg/comments/mock2/discuss_rayquaza,mock_user,2026-07-05T02:41:19.194773+00:00,2026-07-05T03:41:19.194869+00:00,DISCUSSION,35,,BRL,r/pkmntcg,"{""title"": ""Discussion about Rayquaza meta"", ""selftext"": ""What do you think about this card in the current format?"", ""author"": ""mock_user"", ""subreddit_name_prefixed"": ""r/pkmntcg"", ""permalink"": ""/r/pkmntcg/comments/mock2/discuss_rayquaza"", ""created_utc"": 1783219279.1947727}",mock
3ea78cd2-b109-4b93-b931-1680c335a4ec,reddit,reddit,Lugia,Lugia,Discussion about Lugia meta,Discussion about Lugia meta What do you think about this card in the current format?,https://www.reddit.com/r/pkmntcg/comments/mock2/discuss_lugia,mock_user,2026-07-05T02:41:19.194664+00:00,2026-07-05T03:41:19.194761+00:00,DISCUSSION,35,,BRL,r/pkmntcg,"{""title"": ""Discussion about Lugia meta"", ""selftext"": ""What do you think about this card in the current format?"", ""author"": ""mock_user"", ""subreddit_name_prefixed"": ""r/pkmntcg"", ""permalink"": ""/r/pkmntcg/comments/mock2/discuss_lugia"", ""created_utc"": 1783219279.1946638}",mock
73263afe-d030-4137-bba3-34533474adff,reddit,reddit,Gengar,Gengar,Discussion about Gengar meta,Discussion about Gengar meta What do you think about this card in the current format?,https://www.reddit.com/r/pkmntcg/comments/mock2/discuss_gengar,mock_user,2026-07-05T02:41:19.194554+00:00,2026-07-05T03:41:19.194651+00:00,DISCUSSION,35,,BRL,r/pkmntcg,"{""title"": ""Discussion about Gengar meta"", ""selftext"": ""What do you think about this card in the current format?"", ""author"": ""mock_user"", ""subreddit_name_prefixed"": ""r/pkmntcg"", ""permalink"": ""/r/pkmntcg/comments/mock2/discuss_gengar"", ""created_utc"": 1783219279.1945539}",mock
05122137-e5ce-402d-8e84-0659a964354c,reddit,reddit,Mew,Mew,Discussion about Mew meta,Discussion about Mew meta What do you think about this card in the current format?,https://www.reddit.com/r/pkmntcg/comments/mock2/discuss_mew,mock_user,2026-07-05T02:41:19.194437+00:00,2026-07-05T03:41:19.194542+00:00,DISCUSSION,35,,BRL,r/pkmntcg,"{""title"": ""Discussion about Mew meta"", ""selftext"": ""What do you think about this card in the current format?"", ""author"": ""mock_user"", ""subreddit_name_prefixed"": ""r/pkmntcg"", ""permalink"": ""/r/pkmntcg/comments/mock2/discuss_mew"", ""created_utc"": 1783219279.194437}",mock
701d059e-44d4-4f9e-bff6-8581f4dedc68,reddit,reddit,Pikachu,Pikachu,Discussion about Pikachu meta,Discussion about Pikachu meta What do you think about this card in the current format?,https://www.reddit.com/r/pkmntcg/comments/mock2/discuss_pikachu,mock_user,2026-07-05T02:41:19.194313+00:00,2026-07-05T03:41:19.194424+00:00,DISCUSSION,35,,BRL,r/pkmntcg,"{""title"": ""Discussion about Pikachu meta"", ""selftext"": ""What do you think about this card in the current format?"", ""author"": ""mock_user"", ""subreddit_name_prefixed"": ""r/pkmntcg"", ""permalink"": ""/r/pkmntcg/comments/mock2/discuss_pikachu"", ""created_utc"": 1783219279.194313}",mock
ccff42c8-9aa7-4870-a40d-d30de355eea0,reddit,reddit,Umbreon,Umbreon,Discussion about Umbreon meta,Discussion about Umbreon meta What do you think about this card in the current format?,https://www.reddit.com/r/pkmntcg/comments/mock2/discuss_umbreon,mock_user,2026-07-05T02:41:19.194172+00:00,2026-07-05T03:41:19.194298+00:00,DISCUSSION,35,,BRL,r/pkmntcg,"{""title"": ""Discussion about Umbreon meta"", ""selftext"": ""What do you think about this card in the current format?"", ""author"": ""mock_user"", ""subreddit_name_prefixed"": ""r/pkmntcg"", ""permalink"": ""/r/pkmntcg/comments/mock2/discuss_umbreon"", ""created_utc"": 1783219279.1941721}",mock
1ec64a82-e990-4a30-bd01-276bd4165b49,reddit,reddit,Charizard,Charizard,Discussion about Charizard meta,Discussion about Charizard meta What do you think about this card in the current format?,https://www.reddit.com/r/pkmntcg/comments/mock2/discuss_charizard,mock_user,2026-07-05T02:41:19.193630+00:00,2026-07-05T03:41:19.194143+00:00,DISCUSSION,35,,BRL,r/pkmntcg,"{""title"": ""Discussion about Charizard meta"", ""selftext"": ""What do you think about this card in the current format?"", ""author"": ""mock_user"", ""subreddit_name_prefixed"": ""r/pkmntcg"", ""permalink"": ""/r/pkmntcg/comments/mock2/discuss_charizard"", ""created_utc"": 1783219279.1936295}",mock
